{
  "focus": {
    "position": [
      7.732386086866629,
      -3.1420058586200015,
      -4.5510944419149055
    ],
    "direction": [
      -0.1450225794316037,
      -0.49293963042276057,
      -0.0837288239851195,
      0.8537964993742155
    ],
    "size": 8.031189202104505
  }
}