{
  "focus": {
    "position": [
      10.990322273697611,
      -5.125085255330447,
      8.344180172877765
    ],
    "direction": [
      -0.08339560419548715,
      -0.8758445900636864,
      -0.16367308618793794,
      0.4462651165084312
    ],
    "size": 8.031189202104505
  }
}